CREATE TABLE person (email TEXT, password TEXT, firstName TEXT, lastName TEXT, PRIMARY KEY (email));
CREATE TABLE instructor (email TEXT, officeHourTime TEXT, officeHourLocation TEXT, PRIMARY KEY (email), FOREIGN KEY(email) REFERENCES person(email));
CREATE TABLE student (email TEXT, isGraduate INTEGER, PRIMARY KEY (email), FOREIGN KEY(email) REFERENCES person(email));
CREATE TABLE course (courseID INTEGER, courseName TEXT, year Integer, semester TEXT, PRIMARY KEY (courseID));
CREATE TABLE assignment (assignmentID INTEGER, courseID INTEGER, type TEXT, assignDate TEXT, dueDate TEXT, description TEXT, PRIMARY KEY (assignmentID), FOREIGN KEY(courseID) REFERENCES course(courseID));
CREATE TABLE discussionPage (discussionID INTEGER, assignmentID INTEGER, issueNumber INTEGER, time TEXT, type TEXT, studentResponse TEXT, instructorResponse TEXT, PRIMARY KEY (discussionID), FOREIGN KEY(assignmentID) REFERENCES assignment(assignmentID));
CREATE TABLE lectures (email TEXT, courseID INTEGER, FOREIGN KEY(email) REFERENCES instructor(email), FOREIGN KEY(courseID) REFERENCES course(courseID));
CREATE TABLE takes (email TEXT, courseID INTEGER, FOREIGN KEY(email) REFERENCES student(email), FOREIGN KEY(courseID) REFERENCES course(courseID));
CREATE TABLE worksOn (email TEXT, assignmentID INTEGER, grade REAL, FOREIGN KEY(email) REFERENCES student(email), FOREIGN KEY(assignmentID) REFERENCES assignment(assignmentID));
INSERT INTO "course" VALUES(0, 'CS 739: Distributed Systems', '2014', 'Fall');
INSERT INTO "person" VALUES(MichaelSwift@wisc.edu, 'password', 'Michael', 'Swift');
INSERT INTO "instructor" VALUES(MichaelSwift@wisc.edu, '', '');
INSERT INTO "assignment" VALUES(0, 0, 'polls', 'NULL', 'NULL');
INSERT INTO "assignment" VALUES(1, 0, 'hw', 'NULL', 'NULL');
INSERT INTO "assignment" VALUES(2, 0, 'hw', 'NULL', 'NULL');
INSERT INTO "assignment" VALUES(3, 0, 'hw', 'NULL', 'NULL');
INSERT INTO "assignment" VALUES(4, 0, 'hw', 'NULL', 'NULL');
INSERT INTO "assignment" VALUES(5, 0, 'project', '9/6/14', '12/5/14');
INSERT INTO "assignment" VALUES(6, 0, 'exam', '10/17/14', '12/15/14');
INSERT INTO "assignment" VALUES(7, 0, 'logistics', '9/4/14', '10/8/14');
INSERT INTO "assignment" VALUES(8, 0, 'other', '9/4/14', '11/18/14');
//ul[@id='my_classes']/li[2]
CREATE TABLE person (email TEXT, password TEXT, firstName TEXT, lastName TEXT, PRIMARY KEY (email));
CREATE TABLE instructor (email TEXT, officeHourTime TEXT, officeHourLocation TEXT, PRIMARY KEY (email), FOREIGN KEY(email) REFERENCES person(email));
CREATE TABLE student (email TEXT, isGraduate INTEGER, PRIMARY KEY (email), FOREIGN KEY(email) REFERENCES person(email));
CREATE TABLE course (courseID INTEGER, courseName TEXT, year Integer, semester TEXT, PRIMARY KEY (courseID));
CREATE TABLE assignment (assignmentID INTEGER, courseID INTEGER, type TEXT, assignDate TEXT, dueDate TEXT, description TEXT, PRIMARY KEY (assignmentID), FOREIGN KEY(courseID) REFERENCES course(courseID));
CREATE TABLE discussionPage (discussionID INTEGER, assignmentID INTEGER, issueNumber INTEGER, time TEXT, type TEXT, studentResponse TEXT, instructorResponse TEXT, PRIMARY KEY (discussionID), FOREIGN KEY(assignmentID) REFERENCES assignment(assignmentID));
CREATE TABLE lectures (email TEXT, courseID INTEGER, FOREIGN KEY(email) REFERENCES instructor(email), FOREIGN KEY(courseID) REFERENCES course(courseID));
CREATE TABLE takes (email TEXT, courseID INTEGER, FOREIGN KEY(email) REFERENCES student(email), FOREIGN KEY(courseID) REFERENCES course(courseID));
CREATE TABLE worksOn (email TEXT, assignmentID INTEGER, grade REAL, FOREIGN KEY(email) REFERENCES student(email), FOREIGN KEY(assignmentID) REFERENCES assignment(assignmentID));
INSERT INTO "course" VALUES(1, 'ECE 392 598 599: Rao Research Group Meeting', '2014', 'Summer');
INSERT INTO "person" VALUES(WenjingRao@wisc.edu, 'password', 'Wenjing', 'Rao');
INSERT INTO "instructor" VALUES(WenjingRao@wisc.edu, '', '');
INSERT INTO "assignment" VALUES(9, 1, 'reading', '1/15/15', '1/15/15');
INSERT INTO "assignment" VALUES(10, 1, 'project', '6/8/14', '8/20/14');
INSERT INTO "assignment" VALUES(11, 1, 'logistics', '6/2/14', '7/29/14');
INSERT INTO "assignment" VALUES(12, 1, 'other', '6/18/14', '9/25/14');
INSERT INTO "assignment" VALUES(13, 1, 'talks', '8/28/14', '3/13/15');
INSERT INTO "assignment" VALUES(14, 1, 'groupmeeting', '8/29/14', '3/31/15');
//ul[@id='my_classes']/li[3]
CREATE TABLE person (email TEXT, password TEXT, firstName TEXT, lastName TEXT, PRIMARY KEY (email));
CREATE TABLE instructor (email TEXT, officeHourTime TEXT, officeHourLocation TEXT, PRIMARY KEY (email), FOREIGN KEY(email) REFERENCES person(email));
CREATE TABLE student (email TEXT, isGraduate INTEGER, PRIMARY KEY (email), FOREIGN KEY(email) REFERENCES person(email));
CREATE TABLE course (courseID INTEGER, courseName TEXT, year Integer, semester TEXT, PRIMARY KEY (courseID));
CREATE TABLE assignment (assignmentID INTEGER, courseID INTEGER, type TEXT, assignDate TEXT, dueDate TEXT, description TEXT, PRIMARY KEY (assignmentID), FOREIGN KEY(courseID) REFERENCES course(courseID));
CREATE TABLE discussionPage (discussionID INTEGER, assignmentID INTEGER, issueNumber INTEGER, time TEXT, type TEXT, studentResponse TEXT, instructorResponse TEXT, PRIMARY KEY (discussionID), FOREIGN KEY(assignmentID) REFERENCES assignment(assignmentID));
CREATE TABLE lectures (email TEXT, courseID INTEGER, FOREIGN KEY(email) REFERENCES instructor(email), FOREIGN KEY(courseID) REFERENCES course(courseID));
CREATE TABLE takes (email TEXT, courseID INTEGER, FOREIGN KEY(email) REFERENCES student(email), FOREIGN KEY(courseID) REFERENCES course(courseID));
CREATE TABLE worksOn (email TEXT, assignmentID INTEGER, grade REAL, FOREIGN KEY(email) REFERENCES student(email), FOREIGN KEY(assignmentID) REFERENCES assignment(assignmentID));
INSERT INTO "course" VALUES(2, 'CS 578: Contest-Level Programming', '2014', 'Fall');
INSERT INTO "person" VALUES(DietervanMelkebeek@wisc.edu, 'password', 'Dieter', 'Melkebeek');
INSERT INTO "instructor" VALUES(DietervanMelkebeek@wisc.edu, '', '');
INSERT INTO "person" VALUES(AlexiBrooks@wisc.edu, 'password', 'Alexi', 'Brooks');
INSERT INTO "instructor" VALUES(AlexiBrooks@wisc.edu, '', '');
INSERT INTO "assignment" VALUES(15, 2, 'polls', 'NULL', 'NULL');
INSERT INTO "assignment" VALUES(16, 2, 'hw', 'NULL', 'NULL');
INSERT INTO "assignment" VALUES(17, 2, 'hw', 'NULL', 'NULL');
INSERT INTO "assignment" VALUES(18, 2, 'hw', 'NULL', 'NULL');
INSERT INTO "assignment" VALUES(19, 2, 'hw', 'NULL', 'NULL');
INSERT INTO "assignment" VALUES(20, 2, 'exam', '10/3/14', '10/3/14');
INSERT INTO "assignment" VALUES(21, 2, 'logistics', '9/5/14', '10/3/14');
INSERT INTO "assignment" VALUES(22, 2, 'other', '9/10/14', '10/28/14');
//ul[@id='my_classes']/li[4]
CREATE TABLE person (email TEXT, password TEXT, firstName TEXT, lastName TEXT, PRIMARY KEY (email));
CREATE TABLE instructor (email TEXT, officeHourTime TEXT, officeHourLocation TEXT, PRIMARY KEY (email), FOREIGN KEY(email) REFERENCES person(email));
CREATE TABLE student (email TEXT, isGraduate INTEGER, PRIMARY KEY (email), FOREIGN KEY(email) REFERENCES person(email));
CREATE TABLE course (courseID INTEGER, courseName TEXT, year Integer, semester TEXT, PRIMARY KEY (courseID));
CREATE TABLE assignment (assignmentID INTEGER, courseID INTEGER, type TEXT, assignDate TEXT, dueDate TEXT, description TEXT, PRIMARY KEY (assignmentID), FOREIGN KEY(courseID) REFERENCES course(courseID));
CREATE TABLE discussionPage (discussionID INTEGER, assignmentID INTEGER, issueNumber INTEGER, time TEXT, type TEXT, studentResponse TEXT, instructorResponse TEXT, PRIMARY KEY (discussionID), FOREIGN KEY(assignmentID) REFERENCES assignment(assignmentID));
CREATE TABLE lectures (email TEXT, courseID INTEGER, FOREIGN KEY(email) REFERENCES instructor(email), FOREIGN KEY(courseID) REFERENCES course(courseID));
CREATE TABLE takes (email TEXT, courseID INTEGER, FOREIGN KEY(email) REFERENCES student(email), FOREIGN KEY(courseID) REFERENCES course(courseID));
CREATE TABLE worksOn (email TEXT, assignmentID INTEGER, grade REAL, FOREIGN KEY(email) REFERENCES student(email), FOREIGN KEY(assignmentID) REFERENCES assignment(assignmentID));
INSERT INTO "course" VALUES(3, 'CS 736: Advanced Operating Systems', '2014', 'Fall');
INSERT INTO "assignment" VALUES(23, 3, 'polls', 'NULL', 'NULL');
INSERT INTO "assignment" VALUES(24, 3, 'hw', 'NULL', 'NULL');
INSERT INTO "assignment" VALUES(25, 3, 'hw', 'NULL', 'NULL');
INSERT INTO "assignment" VALUES(26, 3, 'hw', 'NULL', 'NULL');
INSERT INTO "assignment" VALUES(27, 3, 'hw', 'NULL', 'NULL');
CREATE TABLE person (email TEXT, password TEXT, firstName TEXT, lastName TEXT, PRIMARY KEY (email));
CREATE TABLE instructor (email TEXT, officeHourTime TEXT, officeHourLocation TEXT, PRIMARY KEY (email), FOREIGN KEY(email) REFERENCES person(email));
CREATE TABLE student (email TEXT, isGraduate INTEGER, PRIMARY KEY (email), FOREIGN KEY(email) REFERENCES person(email));
CREATE TABLE course (courseID INTEGER, courseName TEXT, year Integer, semester TEXT, PRIMARY KEY (courseID));
CREATE TABLE assignment (assignmentID INTEGER, courseID INTEGER, type TEXT, assignDate TEXT, dueDate TEXT, description TEXT, PRIMARY KEY (assignmentID), FOREIGN KEY(courseID) REFERENCES course(courseID));
CREATE TABLE discussionPage (discussionID INTEGER, assignmentID INTEGER, issueNumber INTEGER, time TEXT, type TEXT, studentResponse TEXT, instructorResponse TEXT, PRIMARY KEY (discussionID), FOREIGN KEY(assignmentID) REFERENCES assignment(assignmentID));
CREATE TABLE lectures (email TEXT, courseID INTEGER, FOREIGN KEY(email) REFERENCES instructor(email), FOREIGN KEY(courseID) REFERENCES course(courseID));
CREATE TABLE takes (email TEXT, courseID INTEGER, FOREIGN KEY(email) REFERENCES student(email), FOREIGN KEY(courseID) REFERENCES course(courseID));
CREATE TABLE worksOn (email TEXT, assignmentID INTEGER, grade REAL, FOREIGN KEY(email) REFERENCES student(email), FOREIGN KEY(assignmentID) REFERENCES assignment(assignmentID));
INSERT INTO "course" VALUES(4, 'CS 752: Advanced Computer Architecture', '2014', 'Fall');
INSERT INTO "assignment" VALUES(28, 4, 'polls', 'NULL', 'NULL');
INSERT INTO "assignment" VALUES(29, 4, 'hw', 'NULL', 'NULL');
INSERT INTO "assignment" VALUES(30, 4, 'hw', 'NULL', 'NULL');
INSERT INTO "assignment" VALUES(31, 4, 'hw', 'NULL', 'NULL');
INSERT INTO "assignment" VALUES(32, 4, 'hw', 'NULL', 'NULL');
CREATE TABLE person (email TEXT, password TEXT, firstName TEXT, lastName TEXT, PRIMARY KEY (email));
CREATE TABLE instructor (email TEXT, officeHourTime TEXT, officeHourLocation TEXT, PRIMARY KEY (email), FOREIGN KEY(email) REFERENCES person(email));
CREATE TABLE student (email TEXT, isGraduate INTEGER, PRIMARY KEY (email), FOREIGN KEY(email) REFERENCES person(email));
CREATE TABLE course (courseID INTEGER, courseName TEXT, year Integer, semester TEXT, PRIMARY KEY (courseID));
CREATE TABLE assignment (assignmentID INTEGER, courseID INTEGER, type TEXT, assignDate TEXT, dueDate TEXT, description TEXT, PRIMARY KEY (assignmentID), FOREIGN KEY(courseID) REFERENCES course(courseID));
CREATE TABLE discussionPage (discussionID INTEGER, assignmentID INTEGER, issueNumber INTEGER, time TEXT, type TEXT, studentResponse TEXT, instructorResponse TEXT, PRIMARY KEY (discussionID), FOREIGN KEY(assignmentID) REFERENCES assignment(assignmentID));
CREATE TABLE lectures (email TEXT, courseID INTEGER, FOREIGN KEY(email) REFERENCES instructor(email), FOREIGN KEY(courseID) REFERENCES course(courseID));
CREATE TABLE takes (email TEXT, courseID INTEGER, FOREIGN KEY(email) REFERENCES student(email), FOREIGN KEY(courseID) REFERENCES course(courseID));
CREATE TABLE worksOn (email TEXT, assignmentID INTEGER, grade REAL, FOREIGN KEY(email) REFERENCES student(email), FOREIGN KEY(assignmentID) REFERENCES assignment(assignmentID));
INSERT INTO "course" VALUES(5, 'CS/ECE 752: Advanced Computer Architecture I', '2014', 'Fall');
INSERT INTO "assignment" VALUES(33, 5, 'polls', 'NULL', 'NULL');
INSERT INTO "assignment" VALUES(34, 5, 'hw', 'NULL', 'NULL');
INSERT INTO "assignment" VALUES(35, 5, 'hw', 'NULL', 'NULL');
INSERT INTO "assignment" VALUES(36, 5, 'hw', 'NULL', 'NULL');
INSERT INTO "assignment" VALUES(37, 5, 'hw', 'NULL', 'NULL');
CREATE TABLE person (email TEXT, password TEXT, firstName TEXT, lastName TEXT, PRIMARY KEY (email));
CREATE TABLE instructor (email TEXT, officeHourTime TEXT, officeHourLocation TEXT, PRIMARY KEY (email), FOREIGN KEY(email) REFERENCES person(email));
CREATE TABLE student (email TEXT, isGraduate INTEGER, PRIMARY KEY (email), FOREIGN KEY(email) REFERENCES person(email));
CREATE TABLE course (courseID INTEGER, courseName TEXT, year Integer, semester TEXT, PRIMARY KEY (courseID));
CREATE TABLE assignment (assignmentID INTEGER, courseID INTEGER, type TEXT, assignDate TEXT, dueDate TEXT, description TEXT, PRIMARY KEY (assignmentID), FOREIGN KEY(courseID) REFERENCES course(courseID));
CREATE TABLE discussionPage (discussionID INTEGER, assignmentID INTEGER, issueNumber INTEGER, time TEXT, type TEXT, studentResponse TEXT, instructorResponse TEXT, PRIMARY KEY (discussionID), FOREIGN KEY(assignmentID) REFERENCES assignment(assignmentID));
CREATE TABLE lectures (email TEXT, courseID INTEGER, FOREIGN KEY(email) REFERENCES instructor(email), FOREIGN KEY(courseID) REFERENCES course(courseID));
CREATE TABLE takes (email TEXT, courseID INTEGER, FOREIGN KEY(email) REFERENCES student(email), FOREIGN KEY(courseID) REFERENCES course(courseID));
CREATE TABLE worksOn (email TEXT, assignmentID INTEGER, grade REAL, FOREIGN KEY(email) REFERENCES student(email), FOREIGN KEY(assignmentID) REFERENCES assignment(assignmentID));
INSERT INTO "course" VALUES(6, 'CS 640: Introduction to Computer Networks', '2015', 'Spring');
INSERT INTO "person" VALUES(AaronGemberJacobson@wisc.edu, 'password', 'Aaron', 'Gember-Jacobson');
INSERT INTO "instructor" VALUES(AaronGemberJacobson@wisc.edu, 'Tuesdays and Thursdays 2:15pm-3:15pm, or by appointment', 'CS 7376');
INSERT INTO "person" VALUES(Srinivasan@wisc.edu, 'password', 'Srinivasan', 'Srinivasan');
INSERT INTO "instructor" VALUES(Srinivasan@wisc.edu, 'Mondays 4:30 PM to 5:30 PM', 'CS 1306');
INSERT INTO "person" VALUES(DaleWCarder@wisc.edu, 'password', 'Dale', 'Carder');
INSERT INTO "instructor" VALUES(DaleWCarder@wisc.edu, '', '');
INSERT INTO "assignment" VALUES(38, 6, 'assign', '1/28/15', '2/10/15');
INSERT INTO "assignment" VALUES(39, 6, 'assign', '2/16/15', '3/3/15');
INSERT INTO "assignment" VALUES(40, 6, 'assign', '3/10/15', '3/21/15');
INSERT INTO "assignment" VALUES(41, 6, 'assign', 'Thu', '6:08PM');
INSERT INTO "assignment" VALUES(42, 6, 'quiz', '2/3/15', '2/3/15');
INSERT INTO "assignment" VALUES(43, 6, 'quiz', '2/17/15', '2/18/15');
INSERT INTO "assignment" VALUES(44, 6, 'quiz', '3/4/15', '3/4/15');
INSERT INTO "assignment" VALUES(45, 6, 'quiz', '3/23/15', '3/23/15');
INSERT INTO "assignment" VALUES(46, 6, 'quiz', 'Tue', 'Wed');
INSERT INTO "assignment" VALUES(47, 6, 'announcements', '1/20/15', 'Thu');
CREATE TABLE person (email TEXT, password TEXT, firstName TEXT, lastName TEXT, PRIMARY KEY (email));
CREATE TABLE instructor (email TEXT, officeHourTime TEXT, officeHourLocation TEXT, PRIMARY KEY (email), FOREIGN KEY(email) REFERENCES person(email));
CREATE TABLE student (email TEXT, isGraduate INTEGER, PRIMARY KEY (email), FOREIGN KEY(email) REFERENCES person(email));
CREATE TABLE course (courseID INTEGER, courseName TEXT, year Integer, semester TEXT, PRIMARY KEY (courseID));
CREATE TABLE assignment (assignmentID INTEGER, courseID INTEGER, type TEXT, assignDate TEXT, dueDate TEXT, description TEXT, PRIMARY KEY (assignmentID), FOREIGN KEY(courseID) REFERENCES course(courseID));
CREATE TABLE discussionPage (discussionID INTEGER, assignmentID INTEGER, issueNumber INTEGER, time TEXT, type TEXT, studentResponse TEXT, instructorResponse TEXT, PRIMARY KEY (discussionID), FOREIGN KEY(assignmentID) REFERENCES assignment(assignmentID));
CREATE TABLE lectures (email TEXT, courseID INTEGER, FOREIGN KEY(email) REFERENCES instructor(email), FOREIGN KEY(courseID) REFERENCES course(courseID));
CREATE TABLE takes (email TEXT, courseID INTEGER, FOREIGN KEY(email) REFERENCES student(email), FOREIGN KEY(courseID) REFERENCES course(courseID));
CREATE TABLE worksOn (email TEXT, assignmentID INTEGER, grade REAL, FOREIGN KEY(email) REFERENCES student(email), FOREIGN KEY(assignmentID) REFERENCES assignment(assignmentID));
INSERT INTO "course" VALUES(7, 'CS 564: CS 564 Database Management Systems', '2015', 'Spring');
INSERT INTO "person" VALUES(HarneetSingh@wisc.edu, 'password', 'Harneet', 'Singh');
INSERT INTO "instructor" VALUES(HarneetSingh@wisc.edu, 'Wed 1-2, Thu 11-12', 'CS 3367');
INSERT INTO "person" VALUES(AvinaashGupta@wisc.edu, 'password', 'Avinaash', 'Gupta');
INSERT INTO "instructor" VALUES(AvinaashGupta@wisc.edu, 'Mon 3:45-4:45, Wed 1-2', 'CS 1308');
INSERT INTO "person" VALUES(AnHaiDoan@wisc.edu, 'password', 'AnHai', 'Doan');
INSERT INTO "instructor" VALUES(AnHaiDoan@wisc.edu, 'Tue 1-2pm, Fri 4-5pm', 'CS 4355');
INSERT INTO "assignment" VALUES(48, 7, 'projectstage', '2/5/15', '2/13/15');
INSERT INTO "assignment" VALUES(49, 7, 'projectstage', '2/26/15', '3/19/15');
INSERT INTO "assignment" VALUES(50, 7, 'projectstage', '3/19/15', 'Mon');
INSERT INTO "assignment" VALUES(51, 7, 'projectstage', 'Sun', '3:59PM');
INSERT INTO "assignment" VALUES(52, 7, 'projectstage', 'Fri', '8:50PM');
INSERT INTO "assignment" VALUES(53, 7, 'logistics', '1/20/15', '1/26/15');
INSERT INTO "assignment" VALUES(54, 7, 'other', '1/26/15', '2/18/15');
INSERT INTO "assignment" VALUES(55, 7, 'midterm', '3/12/15', 'Mon');
INSERT INTO "assignment" VALUES(56, 7, 'lecture', '2/2/15', '1/27/15');
CREATE TABLE person (email TEXT, password TEXT, firstName TEXT, lastName TEXT, PRIMARY KEY (email));
CREATE TABLE instructor (email TEXT, officeHourTime TEXT, officeHourLocation TEXT, PRIMARY KEY (email), FOREIGN KEY(email) REFERENCES person(email));
CREATE TABLE student (email TEXT, isGraduate INTEGER, PRIMARY KEY (email), FOREIGN KEY(email) REFERENCES person(email));
CREATE TABLE course (courseID INTEGER, courseName TEXT, year Integer, semester TEXT, PRIMARY KEY (courseID));
CREATE TABLE assignment (assignmentID INTEGER, courseID INTEGER, type TEXT, assignDate TEXT, dueDate TEXT, description TEXT, PRIMARY KEY (assignmentID), FOREIGN KEY(courseID) REFERENCES course(courseID));
CREATE TABLE discussionPage (discussionID INTEGER, assignmentID INTEGER, issueNumber INTEGER, time TEXT, type TEXT, studentResponse TEXT, instructorResponse TEXT, PRIMARY KEY (discussionID), FOREIGN KEY(assignmentID) REFERENCES assignment(assignmentID));
CREATE TABLE lectures (email TEXT, courseID INTEGER, FOREIGN KEY(email) REFERENCES instructor(email), FOREIGN KEY(courseID) REFERENCES course(courseID));
CREATE TABLE takes (email TEXT, courseID INTEGER, FOREIGN KEY(email) REFERENCES student(email), FOREIGN KEY(courseID) REFERENCES course(courseID));
CREATE TABLE worksOn (email TEXT, assignmentID INTEGER, grade REAL, FOREIGN KEY(email) REFERENCES student(email), FOREIGN KEY(assignmentID) REFERENCES assignment(assignmentID));
INSERT INTO "course" VALUES(8, 'CS 537: Operating Systems', '2015', 'Spring');
INSERT INTO "person" VALUES(SankaralingamPanneerselvam@wisc.edu, 'password', 'Sankaralingam', 'Panneerselvam');
INSERT INTO "instructor" VALUES(SankaralingamPanneerselvam@wisc.edu, 'Wednesday & Thursday: 4- 5:15 pm', 'CS 7354');
INSERT INTO "person" VALUES(PerryKivolowitz@wisc.edu, 'password', 'Perry', 'Kivolowitz');
INSERT INTO "instructor" VALUES(PerryKivolowitz@wisc.edu, 'Monday 11 - 12:15 Tuesday 2:30 - 3:45', 'CS 5387');
INSERT INTO "person" VALUES(JyotiprakashMishra@wisc.edu, 'password', 'Jyotiprakash', 'Mishra');
INSERT INTO "instructor" VALUES(JyotiprakashMishra@wisc.edu, 'Friday 3 to 5 PM', 'CS 5397');
INSERT INTO "person" VALUES(MichaelONeill@wisc.edu, 'password', 'Michael', 'O'Neill');
INSERT INTO "instructor" VALUES(MichaelONeill@wisc.edu, 'Monday 4 to 5 PM, Friday 4 to 5 PM', 'CS 5394');
INSERT INTO "person" VALUES(VijayRajeshKumar@wisc.edu, 'password', 'Vijay', 'Kumar');
INSERT INTO "instructor" VALUES(VijayRajeshKumar@wisc.edu, 'Tuesday 3 to 5 PM', 'CS 5364');
INSERT INTO "assignment" VALUES(57, 8, 'projecta', '2/20/15', '1/4/15');
INSERT INTO "assignment" VALUES(58, 8, 'projectb', '2/19/15', '3/13/15');
INSERT INTO "assignment" VALUES(59, 8, 'projecta', '2/26/15', 'Fri');
INSERT INTO "assignment" VALUES(60, 8, 'projectb', '3/13/15', 'Fri');
INSERT INTO "assignment" VALUES(61, 8, 'project', '1/28/15', '2/23/15');
INSERT INTO "assignment" VALUES(62, 8, 'project', 'Thu', 'Wed');
INSERT INTO "assignment" VALUES(63, 8, 'announcement', '1/21/15', '4:58PM');
INSERT INTO "assignment" VALUES(64, 8, 'cdiscussion', '1/21/15', '3/16/15');
INSERT INTO "assignment" VALUES(65, 8, 'generaldiscussion', '1/25/15', 'Mon');